--------------------------------------------------------
-- EXPERIENCIA 3 - SEMANA 8
-- Rodrigo Vasquez
--------------------------------------------------------


--------------------------------------------------------
-- 0. LIMPIEZA PREVIA (opcional, útil para re-ejecución)
--------------------------------------------------------
-- Se eliminan tablas en orden inverso de dependencia
-- para evitar errores por restricciones de FK.

BEGIN EXECUTE IMMEDIATE 'DROP TABLE DETALLE_SERVICIO CASCADE CONSTRAINTS'; EXCEPTION WHEN OTHERS THEN NULL; END;
/
BEGIN EXECUTE IMMEDIATE 'DROP TABLE MANTENCION CASCADE CONSTRAINTS'; EXCEPTION WHEN OTHERS THEN NULL; END;
/
BEGIN EXECUTE IMMEDIATE 'DROP TABLE AUTOMOVIL CASCADE CONSTRAINTS'; EXCEPTION WHEN OTHERS THEN NULL; END;
/
BEGIN EXECUTE IMMEDIATE 'DROP TABLE PREMIUM CASCADE CONSTRAINTS'; EXCEPTION WHEN OTHERS THEN NULL; END;
/
BEGIN EXECUTE IMMEDIATE 'DROP TABLE ESTANDAR CASCADE CONSTRAINTS'; EXCEPTION WHEN OTHERS THEN NULL; END;
/
BEGIN EXECUTE IMMEDIATE 'DROP TABLE MODELO CASCADE CONSTRAINTS'; EXCEPTION WHEN OTHERS THEN NULL; END;
/
BEGIN EXECUTE IMMEDIATE 'DROP TABLE SUCURSAL CASCADE CONSTRAINTS'; EXCEPTION WHEN OTHERS THEN NULL; END;
/
BEGIN EXECUTE IMMEDIATE 'DROP TABLE CIUDAD CASCADE CONSTRAINTS'; EXCEPTION WHEN OTHERS THEN NULL; END;
/
BEGIN EXECUTE IMMEDIATE 'DROP TABLE SERVICIO CASCADE CONSTRAINTS'; EXCEPTION WHEN OTHERS THEN NULL; END;
/
BEGIN EXECUTE IMMEDIATE 'DROP TABLE MECANICO CASCADE CONSTRAINTS'; EXCEPTION WHEN OTHERS THEN NULL; END;
/
BEGIN EXECUTE IMMEDIATE 'DROP TABLE TIPO_AUTOMOVIL CASCADE CONSTRAINTS'; EXCEPTION WHEN OTHERS THEN NULL; END;
/
BEGIN EXECUTE IMMEDIATE 'DROP TABLE MARCA CASCADE CONSTRAINTS'; EXCEPTION WHEN OTHERS THEN NULL; END;
/
BEGIN EXECUTE IMMEDIATE 'DROP TABLE CLIENTE CASCADE CONSTRAINTS'; EXCEPTION WHEN OTHERS THEN NULL; END;
/
BEGIN EXECUTE IMMEDIATE 'DROP TABLE PAIS CASCADE CONSTRAINTS'; EXCEPTION WHEN OTHERS THEN NULL; END;
/
BEGIN EXECUTE IMMEDIATE 'DROP SEQUENCE SEQ_SERVICIO'; EXCEPTION WHEN OTHERS THEN NULL; END;
/
BEGIN EXECUTE IMMEDIATE 'DROP SEQUENCE SEQ_CIUDAD'; EXCEPTION WHEN OTHERS THEN NULL; END;
/


--------------------------------------------------------
-- 1. CREACIÓN DE TABLAS FUERTES (Sin dependencias)
--    AJUSTE 1: IDENTITY con INCREMENT BY correcto.
--    AJUSTE 2: Constraints CHECK y UNIQUE se agregan
--              después con ALTER TABLE.
--------------------------------------------------------

-- PAIS: IDENTITY inicia en 9, incrementa en 3 (9, 12, 15, ...)
CREATE TABLE PAIS (
    id_pais NUMBER(3) GENERATED BY DEFAULT AS IDENTITY (START WITH 9 INCREMENT BY 3) NOT NULL,
    nom_pais VARCHAR2(30) NOT NULL,
    CONSTRAINT PK_PAIS PRIMARY KEY(id_pais)
);

-- CLIENTE: Se crea SIN el UNIQUE de email y SIN el CHECK de dv.
-- Se agregarán después con ALTER TABLE (punto 2).
CREATE TABLE CLIENTE (
    rut NUMBER(8) NOT NULL,
    dv CHAR(1) NOT NULL,
    pnombre VARCHAR2(20) NOT NULL,
    snombre VARCHAR2(20),
    apaterno VARCHAR2(20) NOT NULL,
    amaterno VARCHAR2(20) NOT NULL,
    telefono VARCHAR2(12),
    email VARCHAR2(40),
    tipo_cli CHAR(1) NOT NULL,
    CONSTRAINT PK_CLIENTE PRIMARY KEY(rut)
);

CREATE TABLE MARCA (
    id_marca NUMBER(2) NOT NULL,
    descripcion VARCHAR2(20) NOT NULL,
    CONSTRAINT PK_MARCA PRIMARY KEY(id_marca)
);

-- SERVICIO: Sin IDENTITY. Se usará una SECUENCIA para poblar (punto 3).
CREATE TABLE SERVICIO (
    id_servicio NUMBER(3) NOT NULL,
    descripcion VARCHAR2(100) NOT NULL,
    costo NUMBER(7) NOT NULL,
    CONSTRAINT PK_SERVICIO PRIMARY KEY(id_servicio)
);

CREATE TABLE TIPO_AUTOMOVIL (
    id_tipo CHAR(3) NOT NULL,
    descripcion VARCHAR2(20) NOT NULL,
    CONSTRAINT PK_TIPO_AUTOMOVIL PRIMARY KEY(id_tipo)
);

-- MECANICO: IDENTITY inicia en 460, incrementa en 7 (460, 467, 474, ...).
-- Se crea SIN el CHECK de sueldo; se agrega después con ALTER TABLE (punto 2).
CREATE TABLE MECANICO (
    cod_mecanico NUMBER(5) GENERATED BY DEFAULT AS IDENTITY (START WITH 460 INCREMENT BY 7) NOT NULL,
    pnombre VARCHAR2(20) NOT NULL,
    snombre VARCHAR2(20) NOT NULL,
    apaterno VARCHAR2(20) NOT NULL,
    amaterno VARCHAR2(20) NOT NULL,
    bono_jefatura NUMBER(10),
    sueldo NUMBER(10) NOT NULL,
    monto_impuestos NUMBER(10) NOT NULL,
    cod_supervisor NUMBER(5),
    CONSTRAINT PK_MECANICO PRIMARY KEY(cod_mecanico),
    CONSTRAINT FK_MECANICO_MECANICO FOREIGN KEY(cod_supervisor) REFERENCES MECANICO(cod_mecanico),
    CONSTRAINT CK_MECANICO_BONO_JEFATURA CHECK(bono_jefatura >= 0),
    CONSTRAINT CK_MECANICO_MONTO_IMPUESTOS CHECK(monto_impuestos >= 0)
);


--------------------------------------------------------
-- 2. CREACIÓN DE TABLAS DEPENDIENTES
--------------------------------------------------------

CREATE TABLE CIUDAD (
    id_ciudad NUMBER(3) NOT NULL,
    nom_ciudad VARCHAR2(30) NOT NULL,
    cod_pais NUMBER(3) NOT NULL,
    CONSTRAINT PK_CIUDAD PRIMARY KEY(id_ciudad),
    CONSTRAINT FK_CIUDAD_PAIS FOREIGN KEY(cod_pais) REFERENCES PAIS(id_pais),
    CONSTRAINT UN_CIUDAD UNIQUE(nom_ciudad, cod_pais)
);

CREATE TABLE SUCURSAL (
    id_sucursal CHAR(3) NOT NULL,
    nom_sucursal VARCHAR2(20) NOT NULL,
    calle VARCHAR2(20) NOT NULL,
    num_calle NUMBER(4) NOT NULL,
    cod_ciudad NUMBER(3) NOT NULL,
    CONSTRAINT PK_SUCURSAL PRIMARY KEY(id_sucursal),
    CONSTRAINT FK_SUCURSAL_CIUDAD FOREIGN KEY(cod_ciudad) REFERENCES CIUDAD(id_ciudad),
    CONSTRAINT UN_SUCURSAL UNIQUE(nom_sucursal, cod_ciudad)
);

CREATE TABLE MODELO (
    id_modelo NUMBER(5) NOT NULL,
    marca_id NUMBER(2) NOT NULL,
    descripcion VARCHAR2(20) NOT NULL,
    CONSTRAINT PK_MODELO PRIMARY KEY(id_modelo, marca_id),
    CONSTRAINT FK_MODELO_MARCA FOREIGN KEY(marca_id) REFERENCES MARCA(id_marca)
);

CREATE TABLE ESTANDAR (
    cl_rut NUMBER(8) NOT NULL,
    puntaje_fidelidad NUMBER(10) NOT NULL,
    CONSTRAINT PK_ESTANDAR PRIMARY KEY(cl_rut),
    CONSTRAINT FK_ESTANDAR_CLIENTE FOREIGN KEY(cl_rut) REFERENCES CLIENTE(rut)
);

CREATE TABLE PREMIUM (
    cl_rut NUMBER(8) NOT NULL,
    pesos_clientes NUMBER(10) NOT NULL,
    monto_credito NUMBER(10) NOT NULL,
    CONSTRAINT PK_PREMIUM PRIMARY KEY(cl_rut),
    CONSTRAINT FK_PREMIUM_CLIENTE FOREIGN KEY(cl_rut) REFERENCES CLIENTE(rut)
);

CREATE TABLE AUTOMOVIL (
    patente CHAR(8) NOT NULL,
    annio NUMBER(4) NOT NULL,
    cant_puertas NUMBER(1) NOT NULL,
    km NUMBER(6) NOT NULL,
    color VARCHAR2(30) NOT NULL,
    cod_tipo_auto CHAR(3) NOT NULL,
    cod_modelo NUMBER(5) NOT NULL,
    cod_marca NUMBER(2) NOT NULL,
    cl_rut NUMBER(8) NOT NULL,
    CONSTRAINT PK_AUTOMOVIL PRIMARY KEY(patente),
    CONSTRAINT FK_AUTOMOVIL_CLIENTE FOREIGN KEY(cl_rut) REFERENCES CLIENTE(rut),
    CONSTRAINT FK_AUTOMOVIL_MODELO FOREIGN KEY(cod_modelo, cod_marca) REFERENCES MODELO(id_modelo, marca_id),
    CONSTRAINT FK_AUTOMOVIL_TIPO_AUTOMOVIL FOREIGN KEY(cod_tipo_auto) REFERENCES TIPO_AUTOMOVIL(id_tipo),
    CONSTRAINT CK_AUTOMOVIL_ANNIO CHECK(annio >= 1900 AND annio <= EXTRACT(YEAR FROM SYSDATE)),
    CONSTRAINT CK_AUTOMOVIL_CANT_PUERTAS CHECK(cant_puertas BETWEEN 2 AND 5),
    CONSTRAINT CK_AUTOMOVIL_KM CHECK(km >= 0)
);

-- MANTENCION: Se crea CON la columna costo_total (se eliminará con ALTER TABLE).
-- La PK inicial es solo num_mantencion (se modificará con ALTER TABLE).
-- Se crea SIN el CHECK de estado (se agrega con ALTER TABLE).
CREATE TABLE MANTENCION (
    num_mantencion NUMBER(4) NOT NULL,
    cod_sucursal CHAR(3) NOT NULL,
    fecha_ingreso DATE,
    fecha_salida DATE,
    patente_auto CHAR(8),
    cod_mecanico NUMBER(5) NOT NULL,
    estado VARCHAR2(15),
    costo_total NUMBER(10),
    CONSTRAINT PK_MANTENCION PRIMARY KEY(num_mantencion),
    CONSTRAINT FK_MANT_AUTOMOVIL FOREIGN KEY(patente_auto) REFERENCES AUTOMOVIL(patente),
    CONSTRAINT FK_MANT_MECANICO FOREIGN KEY(cod_mecanico) REFERENCES MECANICO(cod_mecanico),
    CONSTRAINT FK_MANT_SUCURSAL FOREIGN KEY(cod_sucursal) REFERENCES SUCURSAL(id_sucursal),
    CONSTRAINT CK_MANTENCION_FECHAS CHECK(fecha_salida IS NULL OR fecha_salida >= fecha_ingreso)
);

-- DETALLE_SERVICIO: Se crea con FK apuntando a la PK simple de MANTENCION.
-- Luego se ajustará con ALTER TABLE cuando la PK de MANTENCION se vuelva compuesta.
CREATE TABLE DETALLE_SERVICIO (
    mantencion_num NUMBER(4) NOT NULL,
    cod_sucursal CHAR(3) NOT NULL,
    cod_servicio NUMBER(3) NOT NULL,
    descuento_serv NUMBER(4,3) NOT NULL,
    cantidad NUMBER(3) NOT NULL,
    CONSTRAINT PK_DETALLE_SERVICIO PRIMARY KEY(mantencion_num, cod_sucursal, cod_servicio),
    CONSTRAINT FK_DET_SER_MANTENCION FOREIGN KEY(mantencion_num) REFERENCES MANTENCION(num_mantencion),
    CONSTRAINT FK_DET_SER_SERVICIO FOREIGN KEY(cod_servicio) REFERENCES SERVICIO(id_servicio),
    CONSTRAINT CK_DETALLE_SERVICIO_CANTIDAD CHECK(cantidad > 0),
    CONSTRAINT CK_DETALLE_SERVICIO_DESCUENTO CHECK(descuento_serv BETWEEN 0 AND 1)
);


--------------------------------------------------------
-- 3. ALTER TABLE - Reglas de Negocio (Punto 2)
--------------------------------------------------------

-- 3.1 Eliminar la columna costo_total de MANTENCION (DROP COLUMN)
ALTER TABLE MANTENCION DROP COLUMN costo_total;

-- 3.2 Modificar la PK de MANTENCION para que sea compuesta (num_mantencion, cod_sucursal).
--     Primero se elimina la FK de DETALLE_SERVICIO que apunta a la PK simple.
--     Luego se elimina la PK simple y se recrea como compuesta.
--     Finalmente se recrea la FK de DETALLE_SERVICIO apuntando a la PK compuesta.

ALTER TABLE DETALLE_SERVICIO DROP CONSTRAINT FK_DET_SER_MANTENCION;

ALTER TABLE MANTENCION DROP CONSTRAINT PK_MANTENCION;

ALTER TABLE MANTENCION ADD CONSTRAINT PK_MANTENCION PRIMARY KEY(num_mantencion, cod_sucursal);

ALTER TABLE DETALLE_SERVICIO ADD CONSTRAINT FK_DET_SER_MANTENCION
    FOREIGN KEY(mantencion_num, cod_sucursal) REFERENCES MANTENCION(num_mantencion, cod_sucursal);

-- 3.3 Agregar UNIQUE para email en CLIENTE
ALTER TABLE CLIENTE ADD CONSTRAINT UN_CLIENTE UNIQUE(email);

-- 3.4 Agregar CHECK para dv en CLIENTE
ALTER TABLE CLIENTE ADD CONSTRAINT CK_CLIENTE_DV
    CHECK (dv IN ('0','1','2','3','4','5','6','7','8','9','K'));

-- 3.5 Agregar CHECK para sueldo en MECANICO (>= 510000)
ALTER TABLE MECANICO ADD CONSTRAINT CK_MECANICO_SUELDO
    CHECK (sueldo >= 510000);

-- 3.6 Agregar CHECK para estado en MANTENCION
ALTER TABLE MANTENCION ADD CONSTRAINT CK_MANTENCION_ESTADO
    CHECK (UPPER(estado) IN ('RESERVA', 'INGRESADO', 'ENTREGADO', 'ANULADO'));


--------------------------------------------------------
-- 4. CREACIÓN DE SECUENCIAS (Punto 3)
--------------------------------------------------------

-- Secuencia para SERVICIO: inicia en 400, incrementa en 2
CREATE SEQUENCE SEQ_SERVICIO
    START WITH 400
    INCREMENT BY 2
    NOCACHE
    NOCYCLE;

-- Secuencia para CIUDAD: inicia en 165, incrementa en 5
CREATE SEQUENCE SEQ_CIUDAD
    START WITH 165
    INCREMENT BY 5
    NOCACHE
    NOCYCLE;


--------------------------------------------------------
-- 5. POBLAMIENTO DE DATOS (DML - Insert)
--------------------------------------------------------

-- 5.1 PAIS (IDENTITY: 9, 12, 15)
INSERT INTO PAIS(nom_pais) VALUES('Chile');       -- id_pais = 9
INSERT INTO PAIS(nom_pais) VALUES('Peru');        -- id_pais = 12
INSERT INTO PAIS(nom_pais) VALUES('Colombia');    -- id_pais = 15

-- 5.2 CIUDAD (Usando SEQ_CIUDAD: 165, 170, 175)
INSERT INTO CIUDAD(id_ciudad, nom_ciudad, cod_pais) VALUES(SEQ_CIUDAD.NEXTVAL, 'Santiago', 9);    -- id_ciudad = 165
INSERT INTO CIUDAD(id_ciudad, nom_ciudad, cod_pais) VALUES(SEQ_CIUDAD.NEXTVAL, 'Lima', 12);       -- id_ciudad = 170
INSERT INTO CIUDAD(id_ciudad, nom_ciudad, cod_pais) VALUES(SEQ_CIUDAD.NEXTVAL, 'Bogotá', 15);     -- id_ciudad = 175

-- 5.3 SUCURSAL
INSERT INTO SUCURSAL(id_sucursal, nom_sucursal, calle, num_calle, cod_ciudad) VALUES('S01', 'Providencia', 'A. A. Varas', 234, 165);
INSERT INTO SUCURSAL(id_sucursal, nom_sucursal, calle, num_calle, cod_ciudad) VALUES('S02', 'Las 4 esquinas', 'Av. Latina', 669, 170);
INSERT INTO SUCURSAL(id_sucursal, nom_sucursal, calle, num_calle, cod_ciudad) VALUES('S03', 'El Cafetero', 'Av. El Faro', 900, 175);

-- 5.4 MARCA
INSERT INTO MARCA(id_marca, descripcion) VALUES(1, 'Toyota');
INSERT INTO MARCA(id_marca, descripcion) VALUES(2, 'Hyundai');
INSERT INTO MARCA(id_marca, descripcion) VALUES(3, 'Chevrolet');

-- 5.5 TIPO_AUTOMOVIL
INSERT INTO TIPO_AUTOMOVIL(id_tipo, descripcion) VALUES('SED', 'Sedan');
INSERT INTO TIPO_AUTOMOVIL(id_tipo, descripcion) VALUES('SUV', 'SUV');
INSERT INTO TIPO_AUTOMOVIL(id_tipo, descripcion) VALUES('HBK', 'Hatchback');

-- 5.6 MODELO
INSERT INTO MODELO(id_modelo, marca_id, descripcion) VALUES(100, 1, 'Corolla');
INSERT INTO MODELO(id_modelo, marca_id, descripcion) VALUES(101, 1, 'Yaris');
INSERT INTO MODELO(id_modelo, marca_id, descripcion) VALUES(200, 2, 'Accent');
INSERT INTO MODELO(id_modelo, marca_id, descripcion) VALUES(300, 3, 'Spark');

-- 5.7 CLIENTE
INSERT INTO CLIENTE(rut, dv, pnombre, snombre, apaterno, amaterno, telefono, email, tipo_cli)
    VALUES(12345678, 'K', 'Carlos', 'Andres', 'Lopez', 'Munoz', '912345678', 'clopez@mail.com', 'E');
INSERT INTO CLIENTE(rut, dv, pnombre, snombre, apaterno, amaterno, telefono, email, tipo_cli)
    VALUES(23456789, '1', 'Maria', 'Jose', 'Gonzalez', 'Perez', '923456789', 'mgonzalez@mail.com', 'P');
INSERT INTO CLIENTE(rut, dv, pnombre, snombre, apaterno, amaterno, telefono, email, tipo_cli)
    VALUES(34567890, '5', 'Juan', NULL, 'Martinez', 'Diaz', '934567890', 'jmartinez@mail.com', 'E');
INSERT INTO CLIENTE(rut, dv, pnombre, snombre, apaterno, amaterno, telefono, email, tipo_cli)
    VALUES(45678901, '3', 'Ana', 'Lucia', 'Rojas', 'Vega', '945678901', 'arojas@mail.com', 'P');
INSERT INTO CLIENTE(rut, dv, pnombre, snombre, apaterno, amaterno, telefono, email, tipo_cli)
    VALUES(56789012, '7', 'Diego', NULL, 'Fernandez', 'Castro', '956789012', 'dfernandez@mail.com', 'E');

-- 5.8 ESTANDAR
INSERT INTO ESTANDAR(cl_rut, puntaje_fidelidad) VALUES(12345678, 500);
INSERT INTO ESTANDAR(cl_rut, puntaje_fidelidad) VALUES(34567890, 300);
INSERT INTO ESTANDAR(cl_rut, puntaje_fidelidad) VALUES(56789012, 150);

-- 5.9 PREMIUM
INSERT INTO PREMIUM(cl_rut, pesos_clientes, monto_credito) VALUES(23456789, 100000, 500000);
INSERT INTO PREMIUM(cl_rut, pesos_clientes, monto_credito) VALUES(45678901, 250000, 800000);

-- 5.10 AUTOMOVIL
INSERT INTO AUTOMOVIL(patente, annio, cant_puertas, km, color, cod_tipo_auto, cod_modelo, cod_marca, cl_rut)
    VALUES('ABCD1234', 2020, 4, 35000, 'Blanco', 'SED', 100, 1, 12345678);
INSERT INTO AUTOMOVIL(patente, annio, cant_puertas, km, color, cod_tipo_auto, cod_modelo, cod_marca, cl_rut)
    VALUES('EFGH5678', 2019, 5, 60000, 'Negro', 'SUV', 200, 2, 23456789);
INSERT INTO AUTOMOVIL(patente, annio, cant_puertas, km, color, cod_tipo_auto, cod_modelo, cod_marca, cl_rut)
    VALUES('IJKL9012', 2022, 4, 12000, 'Rojo', 'SED', 101, 1, 34567890);
INSERT INTO AUTOMOVIL(patente, annio, cant_puertas, km, color, cod_tipo_auto, cod_modelo, cod_marca, cl_rut)
    VALUES('MNOP3456', 2018, 4, 85000, 'Gris', 'HBK', 300, 3, 45678901);
INSERT INTO AUTOMOVIL(patente, annio, cant_puertas, km, color, cod_tipo_auto, cod_modelo, cod_marca, cl_rut)
    VALUES('QRST7890', 2021, 4, 28000, 'Azul', 'SED', 100, 1, 56789012);

-- 5.11 MECANICO (10 registros)
-- IDENTITY: 460, 467, 474, 481, 488, 495, 502, 509, 516, 523

-- Mecánico 460: Jefe de taller, sin supervisor
INSERT INTO MECANICO(pnombre, snombre, apaterno, amaterno, bono_jefatura, sueldo, monto_impuestos, cod_supervisor)
    VALUES('Jorge', 'Pablo', 'Soto', 'Sierpe', 5400000, 2759000, 223580, NULL);
-- Mecánico 467: Sin bono, sin supervisor
INSERT INTO MECANICO(pnombre, snombre, apaterno, amaterno, bono_jefatura, sueldo, monto_impuestos, cod_supervisor)
    VALUES('Pedro', 'Jose', 'Manriquez', 'Corral', NULL, 759000, 23980, NULL);
-- Mecánico 474: Con bono 0, supervisor 460
INSERT INTO MECANICO(pnombre, snombre, apaterno, amaterno, bono_jefatura, sueldo, monto_impuestos, cod_supervisor)
    VALUES('Sandra', 'Josefa', 'Letelier', 'Salas', 0, 659000, 22358, 460);
-- Mecánico 481: Sin bono, supervisor 460
INSERT INTO MECANICO(pnombre, snombre, apaterno, amaterno, bono_jefatura, sueldo, monto_impuestos, cod_supervisor)
    VALUES('Felipe', 'Miguel', 'Vidal', 'Araya', NULL, 759000, 23580, 460);
-- Mecánico 488: Sin bono, supervisor 460
INSERT INTO MECANICO(pnombre, snombre, apaterno, amaterno, bono_jefatura, sueldo, monto_impuestos, cod_supervisor)
    VALUES('Lucia', 'Andrea', 'Morales', 'Bravo', NULL, 620000, 18500, 460);
-- Mecánico 495: Con bono, sin supervisor (otro jefe)
INSERT INTO MECANICO(pnombre, snombre, apaterno, amaterno, bono_jefatura, sueldo, monto_impuestos, cod_supervisor)
    VALUES('Roberto', 'Enrique', 'Campos', 'Diaz', 3200000, 1850000, 150000, NULL);
-- Mecánico 502: Sin bono, supervisor 495
INSERT INTO MECANICO(pnombre, snombre, apaterno, amaterno, bono_jefatura, sueldo, monto_impuestos, cod_supervisor)
    VALUES('Camila', 'Paz', 'Herrera', 'Lagos', NULL, 850000, 35000, 495);
-- Mecánico 509: Sin bono, supervisor 495
INSERT INTO MECANICO(pnombre, snombre, apaterno, amaterno, bono_jefatura, sueldo, monto_impuestos, cod_supervisor)
    VALUES('Andres', 'Felipe', 'Nunez', 'Rivas', NULL, 710000, 28000, 495);
-- Mecánico 516: Con bono 0, supervisor 460
INSERT INTO MECANICO(pnombre, snombre, apaterno, amaterno, bono_jefatura, sueldo, monto_impuestos, cod_supervisor)
    VALUES('Valentina', 'Isabel', 'Torres', 'Pinto', 0, 590000, 19500, 460);
-- Mecánico 523: Sin bono, supervisor 495
INSERT INTO MECANICO(pnombre, snombre, apaterno, amaterno, bono_jefatura, sueldo, monto_impuestos, cod_supervisor)
    VALUES('Matias', 'Ignacio', 'Reyes', 'Soto', NULL, 530000, 15000, 495);

-- 5.12 SERVICIO (4 registros, usando SEQ_SERVICIO: 400, 402, 404, 406)
INSERT INTO SERVICIO(id_servicio, descripcion, costo) VALUES(SEQ_SERVICIO.NEXTVAL, 'Cambio de aceite y filtro', 35000);         -- 400
INSERT INTO SERVICIO(id_servicio, descripcion, costo) VALUES(SEQ_SERVICIO.NEXTVAL, 'Alineación y balanceo', 25000);             -- 402
INSERT INTO SERVICIO(id_servicio, descripcion, costo) VALUES(SEQ_SERVICIO.NEXTVAL, 'Revisión de frenos completa', 60000);       -- 404
INSERT INTO SERVICIO(id_servicio, descripcion, costo) VALUES(SEQ_SERVICIO.NEXTVAL, 'Diagnóstico computarizado OBD', 20000);     -- 406

-- 5.13 MANTENCION (5 registros)
INSERT INTO MANTENCION(num_mantencion, cod_sucursal, fecha_ingreso, fecha_salida, patente_auto, cod_mecanico, estado)
    VALUES(1, 'S01', TO_DATE('2026-01-10','YYYY-MM-DD'), TO_DATE('2026-01-12','YYYY-MM-DD'), 'ABCD1234', 460, 'ENTREGADO');
INSERT INTO MANTENCION(num_mantencion, cod_sucursal, fecha_ingreso, fecha_salida, patente_auto, cod_mecanico, estado)
    VALUES(2, 'S01', TO_DATE('2026-01-15','YYYY-MM-DD'), NULL, 'EFGH5678', 474, 'INGRESADO');
INSERT INTO MANTENCION(num_mantencion, cod_sucursal, fecha_ingreso, fecha_salida, patente_auto, cod_mecanico, estado)
    VALUES(3, 'S02', TO_DATE('2026-02-01','YYYY-MM-DD'), TO_DATE('2026-02-03','YYYY-MM-DD'), 'IJKL9012', 467, 'ENTREGADO');
INSERT INTO MANTENCION(num_mantencion, cod_sucursal, fecha_ingreso, fecha_salida, patente_auto, cod_mecanico, estado)
    VALUES(4, 'S02', TO_DATE('2026-02-20','YYYY-MM-DD'), NULL, 'MNOP3456', 488, 'RESERVA');
INSERT INTO MANTENCION(num_mantencion, cod_sucursal, fecha_ingreso, fecha_salida, patente_auto, cod_mecanico, estado)
    VALUES(5, 'S03', TO_DATE('2026-03-01','YYYY-MM-DD'), NULL, 'QRST7890', 495, 'INGRESADO');

-- 5.14 DETALLE_SERVICIO
INSERT INTO DETALLE_SERVICIO(mantencion_num, cod_sucursal, cod_servicio, descuento_serv, cantidad) VALUES(1, 'S01', 400, 0.000, 1);
INSERT INTO DETALLE_SERVICIO(mantencion_num, cod_sucursal, cod_servicio, descuento_serv, cantidad) VALUES(1, 'S01', 402, 0.100, 1);
INSERT INTO DETALLE_SERVICIO(mantencion_num, cod_sucursal, cod_servicio, descuento_serv, cantidad) VALUES(2, 'S01', 404, 0.050, 1);
INSERT INTO DETALLE_SERVICIO(mantencion_num, cod_sucursal, cod_servicio, descuento_serv, cantidad) VALUES(3, 'S02', 400, 0.000, 2);
INSERT INTO DETALLE_SERVICIO(mantencion_num, cod_sucursal, cod_servicio, descuento_serv, cantidad) VALUES(3, 'S02', 406, 0.150, 1);
INSERT INTO DETALLE_SERVICIO(mantencion_num, cod_sucursal, cod_servicio, descuento_serv, cantidad) VALUES(4, 'S02', 402, 0.000, 1);
INSERT INTO DETALLE_SERVICIO(mantencion_num, cod_sucursal, cod_servicio, descuento_serv, cantidad) VALUES(5, 'S03', 404, 0.200, 1);
INSERT INTO DETALLE_SERVICIO(mantencion_num, cod_sucursal, cod_servicio, descuento_serv, cantidad) VALUES(5, 'S03', 400, 0.000, 1);

-- Hacemos commit de los datos guardados
COMMIT;


--------------------------------------------------------
-- 6. INFORME 1 (Consulta SELECT)
--------------------------------------------------------
-- Se requiere simular el sueldo de los mecánicos aplicando un ajuste en los impuestos.
-- Listado de mecánicos cuyo bono de jefatura es nulo y monto de impuestos es inferior a 40.000.

SELECT
    cod_mecanico                        AS "ID_MECANICO",
    pnombre || ' ' || apaterno          AS "NOMBRE_MECANICO",
    sueldo                              AS "SALARIO",
    monto_impuestos                     AS "IMPUESTO_ACTUAL",
    monto_impuestos * 0.8               AS "IMPUESTO_REBAJADO",
    sueldo - (monto_impuestos * 0.8)    AS "SUELDO_CON_REBAJA_IMPUESTOS"
FROM MECANICO
WHERE bono_jefatura IS NULL 
  AND monto_impuestos < 40000
ORDER BY monto_impuestos DESC, apaterno ASC;


--------------------------------------------------------
-- 7. INFORME 2 (Consulta SELECT) - Punto 4
--------------------------------------------------------
-- Simular un ajuste salarial del 5% a los mecánicos que:
--   - Tienen un sueldo BETWEEN 600000 AND 900000, o
--   - Su cod_supervisor IS NULL.
-- Columnas: IDENTIFICADOR, MECANICO, SALARIO ACTUAL, AJUSTE, SUELDO REAJUSTADO
-- Orden: sueldo ASC; en caso de empate, nombre completo DESC.

SELECT
    cod_mecanico                                    AS "IDENTIFICADOR",
    pnombre || ' ' || snombre || ' ' || apaterno    AS "MECANICO",
    sueldo                                          AS "SALARIO ACTUAL",
    sueldo * 0.05                                   AS "AJUSTE",
    sueldo * 1.05                                   AS "SUELDO REAJUSTADO"
FROM MECANICO
WHERE sueldo BETWEEN 600000 AND 900000
   OR cod_supervisor IS NULL
ORDER BY sueldo ASC, (pnombre || ' ' || snombre || ' ' || apaterno) DESC;
